Year,Area_m2,Area_ha,Area_km2,Yearly_Change_km2
2018,143101.30916246006,14.310130916246006,0.14310130916246006,
2019,147701.35124594934,14.770135124594933,0.14770135124594932,0.00460004208348927
2020,127201.1636999645,12.72011636999645,0.1272011636999645,-0.020500187545984816
2021,121701.11338274904,12.170111338274904,0.12170111338274904,-0.0055000503172154686
2022,109701.00359973352,10.970100359973353,0.10970100359973352,-0.012000109783015522
2023,107700.98530256428,10.770098530256428,0.10770098530256428,-0.00200001829716924
2024,105200.96243110271,10.520096243110272,0.10520096243110272,-0.00250002287146156
2025,97800.89473157647,9.780089473157647,0.09780089473157647,-0.007400067699526253
