Year,Ndvi_Mean,Ndmi_Mean
2018,0.4353574216365814,0.22744953632354736
2019,0.458443820476532,0.2920870780944824
2020,0.4235035181045532,0.20541897416114807
2021,0.4085872173309326,0.22217264771461487
2022,0.3738892376422882,0.22338010370731354
2023,0.3721204698085785,0.1776975393295288
2024,0.37352073192596436,0.19305114448070526
2025,0.3544091582298279,0.18695664405822754
